r.squared_all	adj.r.squared_all	r.squared_missing	adj.r.squared_missing
0.4407224426720581	0.4406685415967566	0.4071612921629692	0.40707253056574855
