model	pearson	spearman
1	0.9800768751048653	0.9652324001036046
2	0.9798715934930327	0.9649237573364998
3	0.9802889096662828	0.9648170925804588
