model	pearson	spearman
1	0.9984333375273565	0.9899965888394286
2	0.997601177759466	0.9882427985822603
3	0.9968064871573974	0.986528668267136
