r.squared_all	adj.r.squared_all	r.squared_missing	adj.r.squared_missing
0.4446310314599683	0.44457750707980825	0.4129221320433291	0.41283423297640953
