r.squared_all	adj.r.squared_all	r.squared_missing	adj.r.squared_missing
0.4373631140050547	0.437308889170244	0.4054840737881715	0.40539093327020015
