r.squared_all	adj.r.squared_all	r.squared_missing	adj.r.squared_missing
0.36681838754512947	0.3667573638739213	0.3508610219483084	0.3507837710881333
