r.squared_all	adj.r.squared_all	r.squared_missing	adj.r.squared_missing
0.48510779781881763	0.48505817443772836	0.4611817588770209	0.461096529797438
