r.squared_all	adj.r.squared_all	r.squared_missing	adj.r.squared_missing
0.44357228520538816	0.4435186587872313	0.4153662345592192	0.415275084923198
