model	pearson	spearman
1	0.9713619962351715	0.9491214949694888
2	0.9711378815965479	0.9490316680923463
3	0.9711273257986817	0.9490236505890373
