model	pearson	spearman
1	0.9671933280364458	0.9630306579380548
2	0.9648940085083292	0.9609890872929163
3	0.964942442384725	0.9609712183056119
