model	pearson	spearman
1	0.9790803602406821	0.8658171713802101
2	0.9790848024915609	0.865815374083161
3	0.9790880959867538	0.8658182393537543
