model	pearson	spearman
1	0.9976571988311885	0.874572092940201
2	0.9976460717466193	0.8742156357370774
3	0.9976433515222604	0.8741404820062156
