r.squared_all	adj.r.squared_all	r.squared_missing	adj.r.squared_missing
0.6402549681888808	0.6402202973107186	0.5714745769976219	0.5712581500163076
