model	pearson	spearman
1	0.910472178121568	0.8892164560624958
2	0.9105148015158523	0.8891986355335193
3	0.9105187247626171	0.8892510189975265
