model	pearson	spearman
1	0.9650570334956526	0.849918293634028
2	0.9649982161057122	0.849960983896128
3	0.9646780204740609	0.8491706804190033
