r.squared_all	adj.r.squared_all	r.squared_missing	adj.r.squared_missing
0.35325399406565006	0.3531916631090256	0.3340764344640953	0.3339972521138532
