r.squared_all	adj.r.squared_all	r.squared_missing	adj.r.squared_missing
0.6197980316342673	0.6197613891932143	0.568834130020845	0.5687261225383853
