r.squared_all	adj.r.squared_all	r.squared_missing	adj.r.squared_missing
0.6017745234668445	0.6017361439876103	0.5670362879109975	0.5669350098496901
