model	pearson	spearman
1	0.914719182970643	0.8872794276922502
2	0.9142569219661196	0.8871895255156437
3	0.9134132254131323	0.8833496203678651
