model	pearson	spearman
1	0.9410682868269832	0.9258555601585333
2	0.9422321683580822	0.924975470794745
3	0.9313670765235114	0.9177064697935957
