model	pearson	spearman
1	0.9769726389837575	0.9645444155764363
2	0.9784084090787919	0.9645851807336541
3	0.9790091387640224	0.9647935284708864
