model	pearson	spearman
1	0.9979974472614898	0.989090400566369
2	0.9951201881122292	0.980799345839682
3	0.9945493667474622	0.9833275356238653
