model	pearson	spearman
1	0.915806198508962	0.891301865491577
2	0.9158281691954456	0.8912700755747772
3	0.9156194541449705	0.8908503204978158
