model	pearson	spearman
1	0.9442193818996046	0.9335208697150325
2	0.944408873039915	0.9333862475731797
3	0.9462820377041089	0.9321678912005813
