r.squared_all	adj.r.squared_all	r.squared_missing	adj.r.squared_missing
0.6402649076311814	0.6402302377109453	0.6729320905554702	0.6727756735734307
