model	pearson	spearman
1	0.9783063507441379	0.8504821251157532
2	0.9783038179897737	0.8504840998619002
3	0.9782978234984343	0.850474717926732
