model	pearson	spearman
1	0.9974393530329233	0.8603015266450456
2	0.9974380898718257	0.8603555760714748
3	0.9974174737208562	0.8600843462224843
