r.squared_all	adj.r.squared_all	r.squared_missing	adj.r.squared_missing
0.47973619680995877	0.4796860557340923	0.4504785492789817	0.45039121274835214
