r.squared_all	adj.r.squared_all	r.squared_missing	adj.r.squared_missing
0.6135078248891469	0.6134705762215379	0.598524798096457	0.5984299539665483
