model	pearson	spearman
1	0.9798137394054243	0.9655763368218984
2	0.9797532457601432	0.9653740417508586
3	0.9801793668359955	0.965311499367035
