model	pearson	spearman
1	0.9984222509420829	0.9895483938241615
2	0.9976451876400659	0.9875690853416044
3	0.9963986285743426	0.9852148356005795
