r.squared_all	adj.r.squared_all	r.squared_missing	adj.r.squared_missing
0.6190753840050934	0.6190386719179697	0.5784274274459241	0.5783215578897829
