model	pearson	spearman
1	0.9812319152635884	0.9661239308155969
2	0.9811349792096905	0.9658915568518406
3	0.9813240170017974	0.9659502366454988
