model	pearson	spearman
1	0.9986513484838864	0.9867977900990712
2	0.9980007586827848	0.9845831326392328
3	0.998001296044433	0.9845102651270796
