r.squared_all	adj.r.squared_all	r.squared_missing	adj.r.squared_missing
0.4410204471933675	0.4409665748386251	0.41267564051921113	0.41258378497346815
