r.squared_all	adj.r.squared_all	r.squared_missing	adj.r.squared_missing
0.6420365942503685	0.6420020950786501	0.6942827009001492	0.6941323234780636
