model	pearson	spearman
1	0.9271460106627796	0.8715874823499811
2	0.9272313217973843	0.8716909742974313
3	0.9273187764814967	0.8716706744694489
