model	pearson	spearman
1	0.8743026873788362	0.890913456462237
2	0.8619054929925766	0.8805818165574264
3	0.8656339930854065	0.8835163819919917
