model	pearson	spearman
1	0.9806332339614288	0.9655130645777631
2	0.9805275477669156	0.965281139990801
3	0.980767883862903	0.9652683344189394
