model	pearson	spearman
1	0.9984303428262985	0.9838394393206042
2	0.9978224499094261	0.9825974929330618
3	0.9978015728706408	0.9823578259123612
