r.squared_all	adj.r.squared_all	r.squared_missing	adj.r.squared_missing
0.35972930865702646	0.35966760176695867	0.33741340434653777	0.3373342989745638
