model	pearson	spearman
1	0.9805319802644967	0.9496120045888554
2	0.9805485344548144	0.9496190259275393
3	0.980540268425473	0.9496228312356336
