model	pearson	spearman
1	0.998398879421031	0.9535232130285154
2	0.9983994503471911	0.9534882210028885
3	0.9983985258195719	0.9535747047108734
