model	pearson	spearman
1	0.9790881404605365	0.949328138223922
2	0.9780380195323505	0.949248646732489
3	0.978100686683496	0.9492477860981856
