model	pearson	spearman
1	0.9967664997714832	0.97158090572426
2	0.9924875567901327	0.9664050647387092
3	0.9925067935980703	0.9660301580330383
