model	pearson	spearman
1	0.9609629981993238	0.8609747160759913
2	0.9602763230832836	0.860931798609224
3	0.9602631070272565	0.8609324967782811
