model	pearson	spearman
1	0.9399613479843312	0.9385657149555671
2	0.9291208296996216	0.9359971423405616
3	0.9283201301205767	0.9355034098621041
