model	pearson	spearman
1	0.9794457096855415	0.9500686625361277
2	0.9785034002320999	0.9500311098629056
3	0.9785321859898747	0.9500519941240234
