model	pearson	spearman
1	0.9970803728741452	0.9709767118414911
2	0.9941111295612793	0.9691939130044803
3	0.9941514131134178	0.9689579574879283
