r.squared_all	adj.r.squared_all	r.squared_missing	adj.r.squared_missing
0.48304141275712353	0.482991590225585	0.4529879009444435	0.4529009079261459
