r.squared_all	adj.r.squared_all	r.squared_missing	adj.r.squared_missing
0.6149861433383597	0.6149490371455433	0.5871084698681414	0.5870112273975497
