model	pearson	spearman
1	0.9224913774338699	0.8632797558285435
2	0.9224706507548336	0.8632434400449428
3	0.9224368104726272	0.8632205299149306
