model	pearson	spearman
1	0.9717511639642478	0.8549576271432607
2	0.9720386388795894	0.8553327953886212
3	0.9721529814021077	0.8554773914831871
