model	pearson	spearman
1	0.9622092550770183	0.8573741081277467
2	0.9615597700765948	0.8573522165743777
3	0.9615847491831035	0.8573524072880349
