model	pearson	spearman
1	0.9470747081360978	0.9419971485849506
2	0.9399026334193802	0.9419485416939268
3	0.9409610224923184	0.9422802038963284
