model	pearson	spearman
1	0.9788278720769016	0.9491492508553336
2	0.9779107979267074	0.949131945742911
3	0.9779937854107958	0.9491376008945134
