model	pearson	spearman
1	0.9973652143334011	0.9712108693876748
2	0.9943746193968593	0.9697837156293109
3	0.9943784912872539	0.9695840049294923
