r.squared_all	adj.r.squared_all	r.squared_missing	adj.r.squared_missing
0.6036617757640984	0.603623578171169	0.5705347037264944	0.5704334386248029
