r.squared_all	adj.r.squared_all	r.squared_missing	adj.r.squared_missing
0.6387701411897754	0.6387353272095508	0.6109707996701859	0.6107764793903008
