model	pearson	spearman
1	0.9756561812065755	0.9490388490796324
2	0.9763546642766164	0.9489314859746295
3	0.9775580889039261	0.9491372159468335
