model	pearson	spearman
1	0.9963608388673133	0.9807133973921869
2	0.9937545628027113	0.9763659679060974
3	0.9937506420457718	0.9784347160676123
