r.squared_all	adj.r.squared_all	r.squared_missing	adj.r.squared_missing
0.620127209281902	0.6200905985657572	0.5584923282078682	0.5583811732048993
