r.squared_all	adj.r.squared_all	r.squared_missing	adj.r.squared_missing
0.6423405052486653	0.6423060353667501	0.706132647867942	0.705989507413908
