model	pearson	spearman
1	0.9713487243191122	0.9492352525804015
2	0.9710595903478632	0.9490763107605434
3	0.9710752468248508	0.9490800596574122
