model	pearson	spearman
1	0.9699411805060942	0.9675785482807411
2	0.968545411426598	0.9657327207378338
3	0.968783328586476	0.9656335478582949
