r.squared_all	adj.r.squared_all	r.squared_missing	adj.r.squared_missing
0.46119604086489174	0.4611441129582673	0.4415936641048184	0.4415052807024925
