r.squared_all	adj.r.squared_all	r.squared_missing	adj.r.squared_missing
0.6399387708355039	0.6399040694834255	0.596950209802162	0.5967455120925642
