r.squared_all	adj.r.squared_all	r.squared_missing	adj.r.squared_missing
0.44346589259442437	0.4434122559225464	0.41377583290663966	0.4136880616583849
