r.squared_all	adj.r.squared_all	r.squared_missing	adj.r.squared_missing
0.35347693999237567	0.35341463052244426	0.3332585769675258	0.3331790325362407
