r.squared_all	adj.r.squared_all	r.squared_missing	adj.r.squared_missing
0.6405464622159823	0.6405118194309222	0.6671450588439457	0.666982373144456
