r.squared_all	adj.r.squared_all	r.squared_missing	adj.r.squared_missing
0.43301098396907484	0.4329563396922792	0.4073669126483034	0.4072744437627749
