model	pearson	spearman
1	0.9812174460972228	0.9554184478442629
2	0.9807818154675702	0.955339603683793
3	0.980773834925433	0.9553346781808025
