model	pearson	spearman
1	0.9984461905749344	0.9645256507551951
2	0.9967013874922677	0.9633628140643073
3	0.9967025697263039	0.9634474522244014
