r.squared_all	adj.r.squared_all	r.squared_missing	adj.r.squared_missing
0.4378247161754144	0.4377705358280912	0.40184839257777905	0.4017549167835265
