model	pearson	spearman
1	0.9127108133261383	0.8894756640845841
2	0.9124972787293606	0.8884853526541968
3	0.9127835026094132	0.8875680322340641
