model	pearson	spearman
1	0.9496737068686705	0.9457273235551564
2	0.9499775321054099	0.9452311601627743
3	0.9388633211139813	0.9421073768253748
