model	pearson	spearman
1	0.9792289510567684	0.949725974069708
2	0.9783367349451022	0.949669041449328
3	0.9783649100609071	0.9496594839156832
