model	pearson	spearman
1	0.9967889994127516	0.96901115525875
2	0.9938204645227048	0.9679490590714603
3	0.9938420654065068	0.9673813228528353
