model	pearson	spearman
1	0.9746386516738178	0.9493029075646456
2	0.9754778102552486	0.9492640999271544
3	0.9767497868234234	0.949474568350996
