model	pearson	spearman
1	0.9952843600807474	0.9774737494085838
2	0.99269320836967	0.973934120878476
3	0.9925700187829206	0.9752720944313141
