model	pearson	spearman
1	0.977524826859549	0.9641972368107358
2	0.9788153279620672	0.9640653300254759
3	0.9793930774349283	0.9642712234837467
