model	pearson	spearman
1	0.9982047095016979	0.9895204993216582
2	0.9954660982233882	0.9834314865152269
3	0.9949302633487673	0.9849951782868497
