r.squared_all	adj.r.squared_all	r.squared_missing	adj.r.squared_missing
0.6376584637336647	0.6376235426141326	0.5982437529907461	0.5980423714132979
