r.squared_all	adj.r.squared_all	r.squared_missing	adj.r.squared_missing
0.642317388669051	0.6422829165592465	0.6955874924035099	0.6954384167386733
