r.squared_all	adj.r.squared_all	r.squared_missing	adj.r.squared_missing
0.6080846851187804	0.6080469137892814	0.5775616153353352	0.5774619130968022
