r.squared_all	adj.r.squared_all	r.squared_missing	adj.r.squared_missing
0.6185085944141729	0.6184718277019923	0.5530338505088513	0.5529200897174309
