r.squared_all	adj.r.squared_all	r.squared_missing	adj.r.squared_missing
0.6192183801664404	0.619181681860751	0.5644474007539401	0.5643376897717622
