r.squared_all	adj.r.squared_all	r.squared_missing	adj.r.squared_missing
0.4286075145641708	0.4285524458974942	0.3960352579645012	0.39594483054392393
