r.squared_all	adj.r.squared_all	r.squared_missing	adj.r.squared_missing
0.3600295037173886	0.3599678257589959	0.34411278177819304	0.3440344668864651
