r.squared_all	adj.r.squared_all	r.squared_missing	adj.r.squared_missing
0.4873405566113196	0.4872911484151564	0.47376401552831304	0.4736803665083684
