r.squared_all	adj.r.squared_all	r.squared_missing	adj.r.squared_missing
0.6393057875453894	0.63927102518875345	0.5775804035752996	0.5773689823558679
