model	pearson	spearman
1	0.9142530294324471	0.8905294645234927
2	0.9142173980094482	0.8903029474245837
3	0.9151409138012355	0.88986154483104285
