model	pearson	spearman
1	0.9456295580915337	0.9350311661344324
2	0.946200880211278	0.9339754122768276
3	0.9364561448398092	0.9314117309133026
